trackName,frontWing,rearWing,onThrottle,offThrottle,frontCamber,rearCamber,frontToe,rearToe,frontSuspension,rearSuspension,frontAntiRollBar,rearAntiRollBar,frontSuspensionHeight,rearSuspensionHeight,rearLeftTyrePressure,rearRightTyrePressure,frontLeftTyrePressure,frontRightTyrePressure,ballast,brakePressure,brakeBias,setUpName
Monza,4,4,70,65,-2.5999999046325684,-1.100000023841858,0.06000000238418579,0.20000000298023224,4,4,5,5,4,5,20.700000762939453,20.700000762939453,21.799999237060547,21.799999237060547,6,100,58,Monza100
Monza,6,7,70,65,-3.0,-1.5,0.10000000894069672,0.3500000238418579,4,3,7,7,5,7,21.100000381469727,21.100000381469727,22.600000381469727,22.600000381469727,6,100,58,Monza101
Shanghai,5,3,50,100,-2.5,-1.0,0.06000000238418579,0.3199999928474426,2,5,4,5,3,4,21.5,21.5,21.799999237060547,21.799999237060547,6,90,54,Shanghai100
